sid,bd_blends
21113,B99
21767,B20
21779,B20
21780,B20
21781,B20
21782,B20
21783,B20
21784,B20
21785,B20
21854,B20
21855,B20
21856,B20
21857,B20
21858,B20
21859,B20
21860,B20
21861,B20
21862,B20
21863,B20
21864,B20
21865,B20
21877,"B20 in summer, B5 in winter"
21878,"B20 in summer, B5 in winter"
21886,B20
22615,B20
23766,"B99, B20"
25374,B20
25475,B20
25565,"B99 in summer, B50 in winter"
25594,B20
25789,"B100 in summer, no BD in the winter"
25902,"B99, B20"
26646,B20
27141,"B20, B5"
27145,"B20, B5"
27149,"B20, B5"
27153,"B20, B5"
27156,"B20, B5"
27157,"B20, B5"
27159,B20
27289,B20
27820,"B99, B20, B5"
28252,B20
28761,B99
29571,"B20 in summer, B5 in winter"
30008,B20
30303,B20
30305,B20
30321,B20
30325,B20
30337,B20
30346,B20
30353,B20
30606,B99
30666,B20
30669,B20
31225,"B99 in summer, B70 in winter"
31301,B20
31311,B20
31494,B20
31496,B20
31497,B20
31656,"B99, B50"
31824,"B20, B5"
32044,B20
32217,B20
32489,B20
32493,"B20 in summer, B10 in winter"
32754,B20
32755,B20
32756,B20
32757,B20
32758,B20
32759,B20
32760,B20
32778,B20
33414,"B99, B20"
33488,"B30, any blend up to B30 available"
33588,B20
33598,B20
33599,B20
33615,B20
33617,B20
33620,B20
33625,B20
33630,B20
33631,B20
33887,B20
33915,B20
34305,B20
34640,B20
34641,B20
34642,B20
34643,B20
34644,B20
34645,B20
34646,B20
34647,B20
34648,B20
34649,B20
34650,B20
34651,B20
34652,B20
34653,B20
34654,B20
34655,B20
34656,B20
34657,B20
34658,B20
34659,B20
34660,B20
34661,B20
34662,B20
34663,B20
34664,B20
34665,B20
34666,B20
34667,B20
34668,B20
34669,B20
34670,B20
34671,B20
34672,B20
34673,B20
34674,B20
34675,B20
34676,B20
34677,B20
34678,B20
34679,B20
34680,B20
34681,B20
34682,B20
34683,B20
34684,B20
34685,B20
34686,B20
34687,B20
34688,B20
34689,B20
34690,B20
34691,B20
34692,B20
34693,B20
34694,B20
34695,B20
34696,B20
34697,B20
34698,B20
34699,B20
34704,B20
34705,B20
34707,B20
34708,B20
34709,B20
34710,B20
34711,B20
34712,B20
34713,B20
34714,B20
34715,B20
34716,B20
34717,B20
34719,B20
34720,B20
35010,B99
35215,B20
35217,B20
35324,B20
35327,B20
35332,B20
35334,B20
35510,"B20, B5"
35517,B20
35630,B20 in summer
35647,B20
36556,B20
37615,"B20, B5"
38043,B20
38045,"B20, any blend up to B20 available"
38046,B20
38561,B20
38563,B20
38564,B20
38565,B20
39181,"B20, B5"
40174,"B20 in summer, B5 in winter"
40621,"B99 in summer, B20"
41656,B20
41657,B20
41667,B20
41668,B20
42479,"B20 in summer, B5 in winter"
42579,"B20, B10"
43620,"B99, B20, B5"
44836,B20
44838,B20
46335,B20 in summer
47263,B20
47264,B20
47270,B20
47466,"B20 in summer, B11 in winter"
47977,B20
47978,B20
47982,B20
47990,B20
48431,B99
48438,B20
48439,B20
48442,B20
48443,B20
48453,B20
48457,B20
48458,B20
48471,B20
48474,B20
48475,B20
48477,"B99, B20, B5"
48486,B20
48891,B20
48893,B20
49273,B20
49277,"B20 in summer, B10 in winter"
50642,"B50, B30, B20, B5, custom blends"
52171,"B20 in summer, B5 in winter"
52415,B20
52970,"B20 in summer, B5 in winter"
52974,B20
52975,"B20 in summer, B5 in winter"
52977,"B20 in summer, B5 in winter"
52979,B20
53237,B20
53238,B20
53239,B20
53240,B20
53242,B20
53243,B20
53244,B20
53245,"B100 and B20 in summer, B5 in winter"
53246,"B100 and B20 in summer, B5 in winter"
53247,"B20 in summer, B5 in winter"
53248,"B20 in summer, B5 in winter"
53249,"B20 in summer, B5 in winter"
53250,"B99, B20"
53251,"B99, B20"
53254,"B20 in summer, B5 in winter"
53256,B20
53257,B20
53258,B20
53259,B20
53260,B20
53261,B20
53262,B20
53263,B20
53264,B20
53265,B20
53266,B20
53267,B20
53268,B20
53269,B20
53270,B20
53271,B20
53272,B20
53273,B20
53274,B20
53275,B20
53276,B20
53277,B20
53278,B20
53279,B20
53280,B20
53281,B20
53282,B20
53283,B20
53284,B20
53285,B20
53286,B20
53287,B20
53288,B20
53290,B20
53291,B20
53292,B20
53293,B20
53294,B20
53295,B20
53296,B20
53297,B20
53298,B20
53299,B20
53300,B20
53301,B20
53302,B20
53303,B20
53304,B20
53305,B20
53306,B20
53307,B20
53308,B20
53309,B20
53310,B20
61125,B20 in summer
61127,B20 in summer
61139,"B20 in summer, B11 in winter"
61390,"B99, any blend up to B99"
62291,"B20 in summer, B5 in winter"
62635,B20
62673,B20
62678,B20
62707,B20
63025,B20
63073,B20
63284,B20
63305,B20
63412,B20
63795,"B20 in summer, B10 in winter"
64307,B20
66410,B99
66663,B20
68537,B20
70115,B99
73695,"B20 in summer, B5 in winter"
76174,B20
76175,B20
76176,B20
76177,B20
76179,B20
76181,B20
76182,B20
76184,B20
76185,B20
76191,B20
77709,B20
77714,B20
77725,B20
79711,B20
79714,B20
79719,"B20 in summer, B5 in winter"
79720,B20
79723,B20
79726,B20
79727,B20
79735,B20
79736,B20
79737,B20
79824,B20
79936,B20
80509,B20
81070,B20
81252,B20
81253,B20
81445,B20
81447,B20
82112,"B100, B99"
86148,B20
86875,B11
86939,B20
86974,B20
87008,B20
87010,B20
91898,"B20, B10, B5"
92129,B20
94520,B20
94606,B20
94607,B20
94608,B20
94609,B20
94610,B20
98623,B20
98625,B20
98714,B20
98715,B20
98719,B20
103057,"B20 in summer, B5 in winter"
103058,"B20 in summer, B5 in winter"
103059,"B20 in summer, B5 in winter"
103063,"B20 in summer, B5 in winter"
103065,"B20 in summer, B5 in winter"
104494,B20
117649,"B20 in summer, B5 in winter"
121458,"B20 in summer, B5 in winter"
121471,B20
121476,B20
121477,B20
121479,B20 in winter
136704,B20
138549,B20
145045,"B20, B5"
145046,"B20, B5"
145047,"B20, B5"
145048,"B20, B5"
145049,"B20, B5"
145050,"B20, B5"
145051,"B20, B5"
145052,"B20, B5"
145053,"B20, B5"
145054,"B20, B5"
145055,"B20, B5"
145057,"B20, B5"
145058,"B20, B5"
145059,"B20, B5"
145060,"B20, B5"
145061,"B20, B5"
145062,"B20, B5"
145063,"B20, B5"
145064,"B20, B5"
145065,"B20, B5"
145066,"B20, B5"
145067,"B20, B5"
145068,B20
145437,B20
147212,"B20 in summer, B5 in winter"
149239,B20
149241,B20
149268,B20
150287,"B20 in summer, B5 in winter"
151879,B20
151883,B20
151891,B20
155564,"B20 in summer, B5 in winter"
155605,"B20 in summer, B5 in winter"
155606,"B20 in summer, B5 in winter"
155629,"B20 in summer, B5 in winter"
155630,"B20 in summer, B5 in winter"
155631,"B20 in summer, B5 in winter"
155632,"B20 in summer, B5 in winter"
155633,"B20 in summer, B5 in winter"
155634,"B20 in summer, B5 in winter"
155635,"B20 in summer, B5 in winter"
155636,"B20 in summer, B5 in winter"
155637,"B20 in summer, B5 in winter"
155638,"B20 in summer, B5 in winter"
155640,"B20 in summer, B5 in winter"
155643,"B20 in summer, B5 in winter"
155645,"B20 in summer, B5 in winter"
155648,"B20 in summer, B5 in winter"
155649,"B20 in summer, B5 in winter"
155650,"B20 in summer, B5 in winter"
155653,B20
155776,"B20 in summer, B5 in winter"
155777,"B20 in summer, B5 in winter"
155778,"B20 in summer, B5 in winter"
155779,"B20 in summer, B5 in winter"
155780,"B20 in summer, B5 in winter"
155781,"B20 in summer, B5 in winter"
155782,"B20 in summer, B5 in winter"
155783,"B20 in summer, B5 in winter"
155784,"B20 in summer, B5 in winter"
155785,"B20 in summer, B5 in winter"
155786,"B20 in summer, B5 in winter"
155787,"B20 in summer, B5 in winter"
155788,"B20 in summer, B5 in winter"
155789,"B20 in summer, B5 in winter"
155790,"B20 in summer, B5 in winter"
155791,"B20 in summer, B5 in winter"
155792,"B20 in summer, B5 in winter"
155793,"B20 in summer, B5 in winter"
155794,"B20 in summer, B5 in winter"
155795,"B20 in summer, B5 in winter"
155796,"B20 in summer, B5 in winter"
155797,"B20 in summer, B5 in winter"
155798,"B20 in summer, B5 in winter"
155799,"B20 in summer, B5 in winter"
155800,"B20 in summer, B5 in winter"
155801,"B20 in summer, B5 in winter"
155802,"B20 in summer, B5 in winter"
155803,"B20 in summer, B5 in winter"
155804,"B20 in summer, B5 in winter"
155805,"B20 in summer, B5 in winter"
155806,"B20 in summer, B5 in winter"
155807,"B20 in summer, B5 in winter"
155808,"B20 in summer, B5 in winter"
155809,"B20 in summer, B5 in winter"
155810,"B20 in summer, B5 in winter"
155811,"B20 in summer, B5 in winter"
155812,"B20 in summer, B5 in winter"
155813,"B20 in summer, B5 in winter"
155814,"B20 in summer, B5 in winter"
155815,"B20 in summer, B5 in winter"
155816,"B20 in summer, B5 in winter"
155817,"B20 in summer, B5 in winter"
155818,"B20 in summer, B5 in winter"
155819,"B20 in summer, B5 in winter"
155820,"B20 in summer, B5 in winter"
155821,"B20 in summer, B5 in winter"
155822,"B20 in summer, B5 in winter"
155823,"B20 in summer, B5 in winter"
155824,"B20 in summer, B5 in winter"
155825,"B20 in summer, B5 in winter"
155826,"B20 in summer, B5 in winter"
155827,"B20 in summer, B5 in winter"
155828,"B20 in summer, B5 in winter"
155829,"B20 in summer, B5 in winter"
155830,"B20 in summer, B5 in winter"
155831,"B20 in summer, B5 in winter"
155832,"B20 in summer, B5 in winter"
155833,"B20 in summer, B5 in winter"
155834,"B20 in summer, B5 in winter"
155835,"B20 in summer, B5 in winter"
155836,"B20 in summer, B5 in winter"
155837,"B20 in summer, B5 in winter"
155838,"B20 in summer, B5 in winter"
155839,"B20 in summer, B5 in winter"
155840,"B20 in summer, B5 in winter"
155841,"B20 in summer, B5 in winter"
155842,"B20 in summer, B5 in winter"
155843,"B20 in summer, B5 in winter"
155844,"B20 in summer, B5 in winter"
155845,"B20 in summer, B5 in winter"
155846,"B20 in summer, B5 in winter"
155847,"B20 in summer, B5 in winter"
155848,"B20 in summer, B5 in winter"
155849,"B20 in summer, B5 in winter"
155850,"B20 in summer, B5 in winter"
155851,"B20 in summer, B5 in winter"
155852,"B20 in summer, B5 in winter"
155853,"B20 in summer, B5 in winter"
155854,"B20 in summer, B5 in winter"
155855,"B20 in summer, B5 in winter"
155856,"B20 in summer, B5 in winter"
155857,"B20 in summer, B5 in winter"
155858,"B20 in summer, B5 in winter"
155859,"B20 in summer, B5 in winter"
155860,"B20 in summer, B5 in winter"
155861,"B20 in summer, B5 in winter"
155862,"B20 in summer, B5 in winter"
155863,"B20 in summer, B5 in winter"
155864,"B20 in summer, B5 in winter"
155865,"B20 in summer, B5 in winter"
155889,"B20 in summer, B5 in winter"
155890,"B20 in summer, B5 in winter"
155891,"B20 in summer, B5 in winter"
155892,"B20 in summer, B5 in winter"
155893,"B20 in summer, B5 in winter"
155894,"B20 in summer, B5 in winter"
155895,"B20 in summer, B5 in winter"
155896,"B20 in summer, B5 in winter"
155897,"B20 in summer, B5 in winter"
155898,"B20 in summer, B5 in winter"
155900,B99
155901,B5-B99
155902,"B20 in summer, B5 in winter"
155903,B5-B100
155904,"B20 in summer, B5 in winter"
155906,"B20 in summer, B5 in winter"
155907,"B20 in summer, B5 in winter"
164402,"B20 in summer, B5 in winter"
164652,B20
165526,B20
170763,B20
183608,B20
183611,B20
185103,B20
185104,B20
185105,B20
185107,B20
186923,"B20 in summer, B5 in winter"
186924,"B20 in summer, B5 in winter"
186926,"B20 in summer, B5 in winter"
186927,"B20 in summer, B5 in winter"
186928,"B20 in summer, B5 in winter"
186929,"B20 in summer, B5 in winter"
186930,"B20 in summer, B5 in winter"
186931,"B20 in summer, B5 in winter"
186932,"B20 in summer, B5 in winter"
186933,"B20 in summer, B5 in winter"
186934,"B20 in summer, B5 in winter"
186935,"B20 in summer, B5 in winter"
187212,B20
187425,B20
187426,B20
187427,B20
187428,B20
187429,B20
187430,B20
187431,B20
187432,B20
187433,B20
187434,B20
187436,B20
187437,B20
187438,B20
187439,B20
187440,B20
187441,B20
187442,B20
187443,B20
187444,B20
187445,B20
187446,B20
187447,B20
187448,B20
187449,B20
187451,B20
187452,B20
187453,B20
187454,B20
187455,B20
187456,B20
187457,B20
187458,B20
187459,B20
187460,B20
187461,B20
187462,B20
187463,B20
187464,B20
187465,B20
190032,b20
190033,B20
190034,B20
190035,B20
190036,B20
190037,B20
193013,B20
193014,B20
193015,B20
193031,B20
193032,B20
193033,B20
193034,B20
193035,B20
193036,B20
193037,B20
193038,B20
193039,B20
193040,B20
193041,B20
193042,B20
196413,B20
196414,B20
196415,B20
196416,B20
196603,B20
196605,B20
196606,B20
196607,B20
196608,B20
196609,B20
196610,B20
196611,B20
196612,B20
196613,B20
196614,B20
196615,B20
202987,"B20 in summer, B5 in winter"
203038,"B20 in summer, B5 in winter"
203379,"B20 in summer, B5 in winter"
203392,"B20 in summer, B5 in winter"
203398,"B20 in summer, B5 in winter"
203412,"B20 in summer, B5 in winter"
203431,"B20 in summer, B5 in winter"
203806,"B20 in summer, B5 in winter"
203807,"B20 in summer, B5 in winter"
203808,"B20 in summer, B5 in winter"
203809,"B20 in summer, B5 in winter"
203810,"B20 in summer, B5 in winter"
203811,"B20 in summer, B5 in winter"
203812,"B20 in summer, B5 in winter"
203813,"B20 in summer, B5 in winter"
203814,"B20 in summer, B5 in winter"
203815,"B20 in summer, B5 in winter"
203816,"B20 in summer, B5 in winter"
203817,"B20 in summer, B5 in winter"
203818,"B20 in summer, B5 in winter"
203819,"B20 in summer, B5 in winter"
203820,"B20 in summer, B5 in winter"
203821,"B20 in summer, B5 in winter"
203822,"B20 in summer, B5 in winter"
203823,"B20 in summer, B5 in winter"
203824,"B20 in summer, B5 in winter"
203825,"B20 in summer, B5 in winter"
203826,"B20 in summer, B5 in winter"
203827,"B20 in summer, B5 in winter"
203828,"B20 in summer, B5 in winter"
203829,"B20 in summer, B5 in winter"
203830,"B20 in summer, B5 in winter"
203831,"B20 in summer, B5 in winter"
203832,"B20 in summer, B5 in winter"
203833,"B20 in summer, B5 in winter"
203834,"B20 in summer, B5 in winter"
203835,"B20 in summer, B5 in winter"
203836,"B20 in summer, B5 in winter"
203837,"B20 in summer, B5 in winter"
203838,"B20 in summer, B5 in winter"
203839,"B20 in summer, B5 in winter"
203840,"B20 in summer, B5 in winter"
203841,"B20 in summer, B5 in winter"
203842,"B20 in summer, B5 in winter"
203843,"B20 in summer, B5 in winter"
203844,"B20 in summer, B5 in winter"
203845,"B20 in summer, B5 in winter"
203846,"B20 in summer, B5 in winter"
203847,"B20 in summer, B5 in winter"
203848,"B20 in summer, B5 in winter"
203849,"B20 in summer, B5 in winter"
203850,"B20 in summer, B5 in winter"
203851,"B20 in summer, B5 in winter"
203852,"B20 in summer, B5 in winter"
203853,"B20 in summer, B5 in winter"
203854,"B20 in summer, B5 in winter"
203855,"B20 in summer, B5 in winter"
203856,"B20 in summer, B5 in winter"
203857,"B20 in summer, B5 in winter"
203858,"B20 in summer, B5 in winter"
203859,"B20 in summer, B5 in winter"
203860,"B20 in summer, B5 in winter"
203861,"B20 in summer, B5 in winter"
203862,"B20 in summer, B5 in winter"
203863,"B20 in summer, B5 in winter"
203864,"B20 in summer, B5 in winter"
203865,"B20 in summer, B5 in winter"
203866,"B20 in summer, B5 in winter"
203867,"B20 in summer, B5 in winter"
203868,"B20 in summer, B5 in winter"
203869,"B20 in summer, B5 in winter"
203870,"B20 in summer, B5 in winter"
203871,"B20 in summer, B5 in winter"
203872,"B20 in summer, B5 in winter"
203873,"B20 in summer, B5 in winter"
203874,"B20 in summer, B5 in winter"
203875,"B20 in summer, B5 in winter"
203876,"B20 in summer, B5 in winter"
203877,"B20 in summer, B5 in winter"
203878,"B20 in summer, B5 in winter"
203879,"B20 in summer, B5 in winter"
203880,"B20 in summer, B5 in winter"
203881,"B20 in summer, B5 in winter"
203882,"B20 in summer, B5 in winter"
203883,"B20 in summer, B5 in winter"
203884,"B20 in summer, B5 in winter"
203885,"B20 in summer, B5 in winter"
203904,"B20 in summer, B5 in winter"
203905,"B20 in summer, B5 in winter"
203906,"B20 in summer, B5 in winter"
203907,"B20 in summer, B5 in winter"
203908,"B20 in summer, B5 in winter"
203909,"B20 in summer, B5 in winter"
203910,"B20 in summer, B5 in winter"
203911,"B20 in summer, B5 in winter"
203912,"B20 in summer, B5 in winter"
203913,"B20 in summer, B5 in winter"
203914,"B20 in summer, B5 in winter"
203915,"B20 in summer, B5 in winter"
203916,"B20 in summer, B5 in winter"
203917,"B20 in summer, B5 in winter"
203918,"B20 in summer, B5 in winter"
203919,"B20 in summer, B5 in winter"
203920,"B20 in summer, B5 in winter"
203921,"B20 in summer, B5 in winter"
203922,"B20 in summer, B5 in winter"
203923,"B20 in summer, B5 in winter"
203924,"B20 in summer, B5 in winter"
203925,"B20 in summer, B5 in winter"
203926,"B20 in summer, B5 in winter"
203927,"B20 in summer, B5 in winter"
203928,"B20 in summer, B5 in winter"
203929,"B20 in summer, B5 in winter"
203930,"B20 in summer, B5 in winter"
203931,"B20 in summer, B5 in winter"
203932,"B20 in summer, B5 in winter"
203933,"B20 in summer, B5 in winter"
203934,"B20 in summer, B5 in winter"
203935,"B20 in summer, B5 in winter"
203936,"B20 in summer, B5 in winter"
203937,"B20 in summer, B5 in winter"
203938,"B20 in summer, B5 in winter"
203939,"B20 in summer, B5 in winter"
203940,"B20 in summer, B5 in winter"
203941,"B20 in summer, B5 in winter"
203942,"B20 in summer, B5 in winter"
203943,"B20 in summer, B5 in winter"
203944,"B20 in summer, B5 in winter"
203945,"B20 in summer, B5 in winter"
203946,"B20 in summer, B5 in winter"
203947,"B20 in summer, B5 in winter"
203948,"B20 in summer, B5 in winter"
203949,"B20 in summer, B5 in winter"
203950,"B20 in summer, B5 in winter"
203951,"B20 in summer, B5 in winter"
203952,"B20 in summer, B5 in winter"
203953,"B20 in summer, B5 in winter"
203954,"B20 in summer, B5 in winter"
203955,"B20 in summer, B5 in winter"
203956,"B20 in summer, B5 in winter"
203957,"B20 in summer, B5 in winter"
203958,"B20 in summer, B5 in winter"
203959,"B20 in summer, B5 in winter"
203960,"B20 in summer, B5 in winter"
203961,"B20 in summer, B5 in winter"
203962,"B20 in summer, B5 in winter"
203963,"B20 in summer, B5 in winter"
203964,"B20 in summer, B5 in winter"
203965,"B20 in summer, B5 in winter"
203966,"B20 in summer, B5 in winter"
203967,"B20 in summer, B5 in winter"
203968,"B20 in summer, B5 in winter"
203969,"B20 in summer, B5 in winter"
203970,"B20 in summer, B5 in winter"
203971,"B20 in summer, B5 in winter"
203972,"B20 in summer, B5 in winter"
203973,"B20 in summer, B5 in winter"
203974,"B20 in summer, B5 in winter"
203975,"B20 in summer, B5 in winter"
203976,"B20 in summer, B5 in winter"
203977,"B20 in summer, B5 in winter"
203978,"B20 in summer, B5 in winter"
203979,"B20 in summer, B5 in winter"
203980,"B20 in summer, B5 in winter"
203981,"B20 in summer, B5 in winter"
203982,"B20 in summer, B5 in winter"
203983,"B20 in summer, B5 in winter"
203984,"B20 in summer, B5 in winter"
203985,"B20 in summer, B5 in winter"
203986,"B20 in summer, B5 in winter"
203987,"B20 in summer, B5 in winter"
203988,"B20 in summer, B5 in winter"
203989,"B20 in summer, B5 in winter"
203990,"B20 in summer, B5 in winter"
203991,"B20 in summer, B5 in winter"
203992,"B20 in summer, B5 in winter"
203993,"B20 in summer, B5 in winter"
203994,"B20 in summer, B5 in winter"
203995,"B20 in summer, B5 in winter"
203996,"B20 in summer, B5 in winter"
203997,"B20 in summer, B5 in winter"
203998,"B20 in summer, B5 in winter"
203999,"B20 in summer, B5 in winter"
204000,"B20 in summer, B5 in winter"
204001,"B20 in summer, B5 in winter"
204002,"B20 in summer, B5 in winter"
204003,"B20 in summer, B5 in winter"
204004,"B20 in summer, B5 in winter"
204005,"B20 in summer, B5 in winter"
204006,"B20 in summer, B5 in winter"
204007,"B20 in summer, B5 in winter"
204008,"B20 in summer, B5 in winter"
204009,"B20 in summer, B5 in winter"
204010,"B20 in summer, B5 in winter"
204011,"B20 in summer, B5 in winter"
204012,"B20 in summer, B5 in winter"
204013,"B20 in summer, B5 in winter"
204014,"B20 in summer, B5 in winter"
204015,"B20 in summer, B5 in winter"
204016,"B20 in summer, B5 in winter"
204017,"B20 in summer, B5 in winter"
204018,"B20 in summer, B5 in winter"
204019,"B20 in summer, B5 in winter"
204020,"B20 in summer, B5 in winter"
204021,"B20 in summer, B5 in winter"
204022,"B20 in summer, B5 in winter"
204023,"B20 in summer, B5 in winter"
204024,"B20 in summer, B5 in winter"
204025,"B20 in summer, B5 in winter"
204026,"B20 in summer, B5 in winter"
204027,"B20 in summer, B5 in winter"
204028,"B20 in summer, B5 in winter"
204029,"B20 in summer, B5 in winter"
204030,"B20 in summer, B5 in winter"
204031,"B20 in summer, B5 in winter"
204032,"B20 in summer, B5 in winter"
204033,"B20 in summer, B5 in winter"
204034,"B20 in summer, B5 in winter"
204035,"B20 in summer, B5 in winter"
204036,"B20 in summer, B5 in winter"
204037,"B20 in summer, B5 in winter"
204038,"B20 in summer, B5 in winter"
204039,"B20 in summer, B5 in winter"
204040,"B20 in summer, B5 in winter"
204041,"B20 in summer, B5 in winter"
204042,"B20 in summer, B5 in winter"
204043,"B20 in summer, B5 in winter"
204044,"B20 in summer, B5 in winter"
204045,"B20 in summer, B5 in winter"
204046,"B20 in summer, B5 in winter"
204047,"B20 in summer, B5 in winter"
204048,"B20 in summer, B5 in winter"
204049,"B20 in summer, B5 in winter"
204050,"B20 in summer, B5 in winter"
204051,"B20 in summer, B5 in winter"
204052,"B20 in summer, B5 in winter"
204053,"B20 in summer, B5 in winter"
204054,"B20 in summer, B5 in winter"
204055,"B20 in summer, B5 in winter"
204056,"B20 in summer, B5 in winter"
204057,"B20 in summer, B5 in winter"
204058,"B20 in summer, B5 in winter"
204059,"B20 in summer, B5 in winter"
204060,"B20 in summer, B5 in winter"
204061,"B20 in summer, B5 in winter"
204062,"B20 in summer, B5 in winter"
204063,"B20 in summer, B5 in winter"
204064,"B20 in summer, B5 in winter"
204065,"B20 in summer, B5 in winter"
204066,"B20 in summer, B5 in winter"
204067,"B20 in summer, B5 in winter"
204068,"B20 in summer, B5 in winter"
204069,"B20 in summer, B5 in winter"
204070,"B20 in summer, B5 in winter"
204071,"B20 in summer, B5 in winter"
204072,"B20 in summer, B5 in winter"
204073,"B20 in summer, B5 in winter"
204074,"B20 in summer, B5 in winter"
204075,"B20 in summer, B5 in winter"
204076,"B20 in summer, B5 in winter"
204077,"B20 in summer, B5 in winter"
204078,"B20 in summer, B5 in winter"
204079,"B20 in summer, B5 in winter"
204080,"B20 in summer, B5 in winter"
204081,"B20 in summer, B5 in winter"
204082,"B20 in summer, B5 in winter"
204083,"B20 in summer, B5 in winter"
204084,"B20 in summer, B5 in winter"
204085,"B20 in summer, B5 in winter"
204086,"B20 in summer, B5 in winter"
204087,"B20 in summer, B5 in winter"
204088,"B20 in summer, B5 in winter"
204089,"B20 in summer, B5 in winter"
204090,"B20 in summer, B5 in winter"
204091,"B20 in summer, B5 in winter"
204092,"B20 in summer, B5 in winter"
204093,"B20 in summer, B5 in winter"
204094,"B20 in summer, B5 in winter"
204095,"B20 in summer, B5 in winter"
204096,"B20 in summer, B5 in winter"
204097,"B20 in summer, B5 in winter"
204098,"B20 in summer, B5 in winter"
204099,"B20 in summer, B5 in winter"
204100,"B20 in summer, B5 in winter"
204101,"B20 in summer, B5 in winter"
204102,"B20 in summer, B5 in winter"
204103,"B20 in summer, B5 in winter"
204104,"B20 in summer, B5 in winter"
204105,"B20 in summer, B5 in winter"
204106,"B20 in summer, B5 in winter"
204107,"B20 in summer, B5 in winter"
204108,"B20 in summer, B5 in winter"
204109,"B20 in summer, B5 in winter"
204110,"B20 in summer, B5 in winter"
204111,"B20 in summer, B5 in winter"
204112,"B20 in summer, B5 in winter"
204113,"B20 in summer, B5 in winter"
204114,"B20 in summer, B5 in winter"
204115,"B20 in summer, B5 in winter"
204116,"B20 in summer, B5 in winter"
204117,"B20 in summer, B5 in winter"
204118,"B20 in summer, B5 in winter"
204119,"B20 in summer, B5 in winter"
204120,"B20 in summer, B5 in winter"
204121,"B20 in summer, B5 in winter"
204122,"B20 in summer, B5 in winter"
204123,"B20 in summer, B5 in winter"
204124,"B20 in summer, B5 in winter"
204125,"B20 in summer, B5 in winter"
204126,"B20 in summer, B5 in winter"
204127,"B20 in summer, B5 in winter"
204128,"B20 in summer, B5 in winter"
204129,"B20 in summer, B5 in winter"
204130,"B20 in summer, B5 in winter"
204131,"B20 in summer, B5 in winter"
204132,"B20 in summer, B5 in winter"
204133,"B20 in summer, B5 in winter"
204134,"B20 in summer, B5 in winter"
204135,"B20 in summer, B5 in winter"
204136,"B20 in summer, B5 in winter"
204137,"B20 in summer, B5 in winter"
204138,"B20 in summer, B5 in winter"
204139,"B20 in summer, B5 in winter"
204140,"B20 in summer, B5 in winter"
204141,"B20 in summer, B5 in winter"
204142,"B20 in summer, B5 in winter"
204143,"B20 in summer, B5 in winter"
204144,"B20 in summer, B5 in winter"
204145,"B20 in summer, B5 in winter"
204146,"B20 in summer, B5 in winter"
204147,"B20 in summer, B5 in winter"
204148,"B20 in summer, B5 in winter"
204149,"B20 in summer, B5 in winter"
204150,"B20 in summer, B5 in winter"
204151,"B20 in summer, B5 in winter"
204189,"B20 in summer, B5 in winter"
204190,"B20 in summer, B5 in winter"
204191,"B20 in summer, B5 in winter"
204192,"B20 in summer, B5 in winter"
204193,"B20 in summer, B5 in winter"
204194,"B20 in summer, B5 in winter"
204195,"B20 in summer, B5 in winter"
204196,"B20 in summer, B5 in winter"
204197,"B20 in summer, B5 in winter"
204198,"B20 in summer, B5 in winter"
204199,"B20 in summer, B5 in winter"
204201,"B20 in summer, B5 in winter"
204202,"B20 in summer, B5 in winter"
204203,"B20 in summer, B5 in winter"
204204,"B20 in summer, B5 in winter"
204205,"B20 in summer, B5 in winter"
204206,"B20 in summer, B5 in winter"
204207,"B20 in summer, B5 in winter"
204208,"B20 in summer, B5 in winter"
204209,"B20 in summer, B5 in winter"
204210,"B20 in summer, B5 in winter"
204211,"B20 in summer, B5 in winter"
204213,"B20 in summer, B5 in winter"
204214,"B20 in summer, B5 in winter"
204215,"B20 in summer, B5 in winter"
204216,"B20 in summer, B5 in winter"
204217,"B20 in summer, B5 in winter"
204218,"B20 in summer, B5 in winter"
204219,"B20 in summer, B5 in winter"
204220,"B20 in summer, B5 in winter"
204221,"B20 in summer, B5 in winter"
204222,"B20 in summer, B5 in winter"
204223,"B20 in summer, B5 in winter"
204224,"B20 in summer, B5 in winter"
204225,"B20 in summer, B5 in winter"
204226,"B20 in summer, B5 in winter"
204227,"B20 in summer, B5 in winter"
204228,"B20 in summer, B5 in winter"
204229,"B20 in summer, B5 in winter"
204230,"B20 in summer, B5 in winter"
204231,"B20 in summer, B5 in winter"
204232,"B20 in summer, B5 in winter"
204233,"B20 in summer, B5 in winter"
204234,"B20 in summer, B5 in winter"
204235,"B20 in summer, B5 in winter"
204236,"B20 in summer, B5 in winter"
204237,"B20 in summer, B5 in winter"
204238,"B20 in summer, B5 in winter"
204239,"B20 in summer, B5 in winter"
204240,"B20 in summer, B5 in winter"
204241,"B20 in summer, B5 in winter"
204242,"B20 in summer, B5 in winter"
204243,"B20 in summer, B5 in winter"
204244,"B20 in summer, B5 in winter"
204245,"B20 in summer, B5 in winter"
204268,"B20 in summer, B5 in winter"
204269,"B20 in summer, B5 in winter"
204270,"B20 in summer, B5 in winter"
204271,"B20 in summer, B5 in winter"
204272,"B20 in summer, B5 in winter"
204273,"B20 in summer, B5 in winter"
204274,"B20 in summer, B5 in winter"
204275,"B20 in summer, B5 in winter"
204276,"B20 in summer, B5 in winter"
204277,"B20 in summer, B5 in winter"
204278,"B20 in summer, B5 in winter"
204279,"B20 in summer, B5 in winter"
204280,"B20 in summer, B5 in winter"
204282,"B20 in summer, B5 in winter"
204283,"B20 in summer, B5 in winter"
204284,"B20 in summer, B5 in winter"
204285,"B20 in summer, B5 in winter"
204286,"B20 in summer, B5 in winter"
204287,"B20 in summer, B5 in winter"
204288,"B20 in summer, B5 in winter"
204289,"B20 in summer, B5 in winter"
204290,"B20 in summer, B5 in winter"
204323,B20-B99
204327,B20
204328,B20
211808,B100
212193,"B20 in summer, B11 in winter"
213112,"B20 in summer, B5 in winter"
213113,"B20 in summer, B5 in winter"
213114,"B20 in summer, B5 in winter"
213115,"B20 in summer, B5 in winter"
213116,"B20 in summer, B5 in winter"
213128,"B20 in summer, B5 in winter"
213129,"B20 in summer, B5 in winter"
213130,"B20 in summer, B5 in winter"
213131,"B20 in summer, B5 in winter"
213229,B20
213230,"B20 in summer, B5 in winter"
213231,"B20 in summer, B5 in winter"
213232,"B20 in summer, B5 in winter"
213233,"B20 in summer, B5 in winter"
213236,"B20 in summer, B5 in winter"
213237,B20
213238,B20
213240,"B20 in summer, B5 in winter"
213241,B20
213243,B20
213246,"B20 in summer, B5 in winter"
213250,B20
213251,B20
213252,B20
213253,B20
213255,B20
213256,B20
213257,B20
213258,B20
213264,B20
213271,B20
213272,B20
213273,B20
213274,B20
213275,B20
213276,B20
213277,B20
213278,B20
213279,B20
213280,B20
213281,B20
213282,B20
213283,B20
213284,"B20 in summer, B5 in winter"
213285,B20
213286,B20
213287,B20
213288,B20
213289,B20
213290,B20
213291,B20
213292,B20
213293,B20
213294,B20
213295,B20
213296,B20
213297,B20
213298,B20
213299,"B20 in summer, B5 in winter"
213300,B20
213301,B20
213302,B20
213303,B20
213304,B20
213305,B20
213306,B20
213307,B20
213308,B20
213309,B20
213310,B20
213311,B20
213608,"B20 in summer, B5 in winter"
213609,"B20 in summer, B5 in winter"
213610,"B20 in summer, B5 in winter"
213611,"B20 in summer, B5 in winter"
213612,"B20 in summer, B5 in winter"
213613,"B20 in the summer, B5 in the winter"
213614,"B20 in the summer, B5 in the winter"
213615,"B20 in summer, B5 in winter"
213616,"B20 in summer, B5 in winter"
213617,"B20 in summer, B5 in winter"
213618,"B20 in summer, B5 in winter"
213619,"B20 in summer, B5 in winter"
213620,"B20 in summer, B5 in winter"
213621,"B20 in summer, B5 in winter"
213622,"B20 in summer, B5 in winter"
213623,"B20 in summer, B5 in winter"
213624,"B20 in summer, B5 in winter"
213625,"B20 in summer, B5 in winter"
213626,"B20 in summer, B5 in winter"
213627,"B20 in summer, B5 in winter"
213628,"B20 in summer, B5 in winter"
213629,"B20 in summer, B5 in winter"
213630,"B20 in summer, B5 in winter"
213631,"B20 in summer, B5 in winter"
213632,"B20 in summer, B5 in winter"
213633,"B20 in summer, B5 in winter"
213634,"B20 in summer, B5 in winter"
213635,"B20 in summer, B5 in winter"
213636,"B20 in summer, B5 in winter"
213637,"B20 in summer, B5 in winter"
213638,"B20 in summer, B5 in winter"
213639,"B20 in summer, B5 in winter"
213640,"B20 in summer, B5 in winter"
213641,"B20 in summer, B5 in winter"
213642,"B20 in summer, B5 in winter"
213643,"B20 in summer, B5 in winter"
213644,"B20 in summer, B5 in winter"
213645,"B20 in summer, B5 in winter"
213646,"B20 in summer, B5 in winter"
213647,"B20 in summer, B5 in winter"
213648,"B20 in summer, B5 in winter"
213649,"B20 in summer, B5 in winter"
213650,"B20 in summer, B5 in winter"
213651,"B20 in summer, B5 in winter"
213863,B20
222020,B20
222023,B20
223615,B20
223675,B20
225465,B99
225632,B20
225635,B20
225637,B20
236555,B20
237797,B99
237798,B99
237799,B99
240843,B20
240919,B20
240920,B20
240921,B20
240927,B20
250460,B20-B11
251082,B20
251083,B20
251084,B20
251085,B20
251086,B20
251087,B20
251088,B20
251089,B20
251090,B20
253294,20
253405,B20
255650,B20
